Wave   ;Sample
[nm]   ;[counts]
515,95;1152,0
516,03;1296,0
516,10;964,00
516,17;1031,0
516,25;1245,0
516,32;1155,5
516,39;1122,0
516,46;1134,0
516,54;1138,6
516,61;1153,7
516,68;1116,2
516,75;1122,2
516,83;1130,9
516,90;1142,3
516,97;1139,2
517,05;1090,6
517,12;1101,1
517,19;1103,4
517,26;1085,6
517,34;1062,4
517,41;1087,1
517,48;1078,5
517,55;1053,4
517,63;1079,6
517,70;1080,4
517,77;1073,8
517,84;1072,2
517,92;1081,8
517,99;1088,9
518,06;1092,1
518,14;1099,3
518,21;1121,7
518,28;1177,1
518,35;1164,0
518,43;1148,0
518,50;1156,1
518,57;1181,9
518,64;1195,6
518,72;1181,0
518,79;1204,8
518,86;1231,4
518,93;1241,2
519,01;1193,9
519,08;1176,6
519,15;1193,6
519,22;1190,7
519,30;1177,7
519,37;1156,3
519,44;1164,2
519,51;1164,8
519,59;1129,3
519,66;1126,0
519,73;1135,3
519,80;1125,5
519,88;1106,7
519,95;1106,0
520,02;1115,0
520,09;1115,3
520,17;1106,1
520,24;1089,7
520,31;1113,3
520,38;1099,7
520,46;1074,8
520,53;1055,3
520,60;1062,2
520,67;1076,1
520,75;1047,1
520,82;1075,4
520,89;1081,8
520,96;1087,6
521,04;1089,8
521,11;1087,7
521,18;1105,8
521,25;1098,4
521,33;1119,0
521,40;1122,7
521,47;1137,5
521,54;1148,8
521,62;1140,8
521,69;1130,8
521,76;1144,4
521,83;1137,4
521,90;1118,5
521,98;1127,7
522,05;1143,6
522,12;1147,7
522,19;1120,9
522,27;1117,5
522,34;1104,3
522,41;1101,3
522,48;1102,6
522,56;1094,7
522,63;1105,9
522,70;1104,8
522,77;1094,6
522,84;1071,0
522,92;1090,5
522,99;1105,0
523,06;1101,5
523,13;1102,8
523,21;1073,8
523,28;1082,3
523,35;1060,8
523,42;1095,5
523,50;1125,4
523,57;1135,7
523,64;1145,0
523,71;1121,3
523,78;1125,7
523,86;1102,2
523,93;1113,3
524,00;1130,4
524,07;1144,4
524,15;1132,2
524,22;1084,8
524,29;1054,2
524,36;1061,6
524,43;1054,1
524,51;1050,5
524,58;1087,0
524,65;1107,5
524,72;1110,0
524,79;1092,9
524,87;1096,3
524,94;1151,6
525,01;1163,1
525,08;1161,1
525,16;1179,2
525,23;1203,1
525,30;1199,1
525,37;1159,3
525,44;1182,5
525,52;1187,1
525,59;1187,3
525,66;1170,5
525,73;1128,9
525,80;1156,3
525,88;1150,4
525,95;1118,9
526,02;1119,9
526,09;1112,2
526,17;1107,3
526,24;1071,8
526,31;1079,6
526,38;1100,1
526,45;1091,8
526,53;1093,5
526,60;1082,2
526,67;1121,4
526,74;1116,9
526,81;1090,2
526,89;1096,7
526,96;1113,3
527,03;1117,1
527,10;1088,9
527,17;1080,7
527,25;1087,9
527,32;1088,6
527,39;1066,1
527,46;1064,1
527,53;1068,9
527,61;1081,8
527,68;1074,7
527,75;1069,7
527,82;1111,1
527,89;1104,4
527,97;1099,1
528,04;1126,0
528,11;1127,0
528,18;1116,1
528,25;1086,8
528,32;1108,1
528,40;1115,8
528,47;1116,3
528,54;1112,1
528,61;1074,4
528,68;1126,1
528,76;1123,1
528,83;1097,2
528,90;1094,7
528,97;1102,9
529,04;1103,0
529,12;1058,3
529,19;1074,7
529,26;1076,9
529,33;1075,1
529,40;1071,8
529,47;1066,7
529,55;1073,8
529,62;1071,4
529,69;1081,3
529,76;1105,9
529,83;1134,0
529,91;1134,4
529,98;1116,3
530,05;1096,5
530,12;1129,5
530,19;1125,4
530,26;1110,1
530,34;1107,3
530,41;1117,8
530,48;1119,0
530,55;1080,2
530,62;1087,9
530,70;1098,3
530,77;1108,8
530,84;1099,4
530,91;1104,1
530,98;1112,1
531,05;1102,2
531,13;1089,5
531,20;1095,4
531,27;1113,6
531,34;1111,0
531,41;1101,7
531,48;1086,8
531,56;1105,9
531,63;1124,0
531,70;1101,8
531,77;1104,4
531,84;1141,8
531,91;1149,9
531,99;1130,7
532,06;1129,8
532,13;1155,2
532,20;1180,7
532,27;1212,7
532,34;1248,8
532,42;1282,0
532,49;1295,0
532,56;1293,0
532,63;1303,6
532,70;1322,5
532,77;1341,4
532,85;1345,7
532,92;1371,9
532,99;1392,5
533,06;1375,0
533,13;1354,2
533,20;1346,4
533,28;1375,3
533,35;1364,3
533,42;1353,8
533,49;1358,3
533,56;1364,7
533,63;1372,1
533,70;1327,6
533,78;1318,7
533,85;1335,6
533,92;1333,7
533,99;1299,3
534,06;1307,8
534,13;1330,9
534,20;1314,1
534,28;1299,3
534,35;1268,4
534,42;1254,7
534,49;1245,4
534,56;1211,8
534,63;1191,5
534,71;1194,7
534,78;1172,1
534,85;1126,9
534,92;1094,9
534,99;1103,5
535,06;1108,4
535,13;1093,4
535,21;1099,7
535,28;1111,2
535,35;1122,9
535,42;1090,9
535,49;1074,6
535,56;1085,9
535,63;1081,7
535,71;1062,0
535,78;1077,1
535,85;1119,8
535,92;1120,3
535,99;1102,0
536,06;1093,1
536,13;1124,0
536,21;1127,0
536,28;1126,8
536,35;1124,3
536,42;1144,2
536,49;1164,7
536,56;1105,5
536,63;1066,4
536,70;1065,9
536,78;1069,2
536,85;1064,1
536,92;1041,6
536,99;1042,5
537,06;1053,7
537,13;1038,2
537,20;1028,4
537,27;1034,6
537,35;1051,4
537,42;1042,5
537,49;1052,7
537,56;1068,6
537,63;1051,8
537,70;1041,2
537,77;1041,2
537,84;1044,3
537,92;1046,8
537,99;1046,0
538,06;1067,0
538,13;1091,7
538,20;1087,7
538,27;1094,5
538,34;1090,1
538,41;1140,3
538,49;1150,2
538,56;1138,7
538,63;1158,8
538,70;1169,5
538,77;1169,8
538,84;1117,8
538,91;1140,2
538,98;1174,3
539,06;1194,6
539,13;1227,6
539,20;1250,9
539,27;1304,9
539,34;1342,1
539,41;1361,8
539,48;1404,5
539,55;1476,9
539,62;1525,5
539,70;1529,3
539,77;1549,2
539,84;1567,6
539,91;1565,3
539,98;1535,8
540,05;1502,1
540,12;1474,6
540,19;1438,0
540,26;1372,1
540,34;1315,9
540,41;1285,5
540,48;1242,0
540,55;1197,8
540,62;1165,8
540,69;1150,8
540,76;1122,3
540,83;1104,2
540,90;1101,0
540,97;1100,6
541,05;1102,4
541,12;1081,6
541,19;1079,7
541,26;1111,6
541,33;1107,8
541,40;1080,5
541,47;1051,4
541,54;1057,5
541,61;1047,7
541,68;1032,2
541,76;1036,7
541,83;1058,7
541,90;1073,7
541,97;1055,8
542,04;1057,2
542,11;1067,8
542,18;1072,7
542,25;1052,8
542,32;1068,7
542,39;1092,8
542,46;1096,9
542,54;1080,2
542,61;1087,3
542,68;1110,8
542,75;1090,4
542,82;1068,6
542,89;1065,6
542,96;1093,0
543,03;1106,3
543,10;1091,9
543,17;1085,4
543,24;1108,9
543,32;1116,9
543,39;1086,6
543,46;1082,4
543,53;1093,1
543,60;1090,5
543,67;1075,4
543,74;1061,3
543,81;1050,7
543,88;1043,9
543,95;1026,2
544,02;1037,9
544,09;1059,9
544,17;1047,8
544,24;1043,4
544,31;1059,3
544,38;1072,2
544,45;1065,2
544,52;1052,0
544,59;1081,8
544,66;1118,2
544,73;1118,4
544,80;1090,0
544,87;1088,5
544,94;1116,5
545,01;1094,4
545,08;1078,0
545,16;1081,9
545,23;1099,3
545,30;1093,6
545,37;1057,0
545,44;1029,5
545,51;1039,6
545,58;1030,3
545,65;1005,5
545,72;1009,8
545,79;1048,9
545,86;1054,8
545,93;1022,0
546,00;1050,8
546,07;1068,1
546,15;1069,4
546,22;1065,6
546,29;1070,1
546,36;1107,7
546,43;1105,0
546,50;1080,5
546,57;1073,0
546,64;1077,5
546,71;1091,4
546,78;1062,3
546,85;1068,6
546,92;1110,1
546,99;1113,3
547,06;1096,6
547,13;1074,0
547,20;1089,8
547,27;1097,6
547,35;1079,7
547,42;1095,6
547,49;1120,2
547,56;1111,9
547,63;1087,8
547,70;1068,0
547,77;1082,4
547,84;1083,4
547,91;1062,7
547,98;1068,3
548,05;1077,0
548,12;1087,9
548,19;1061,9
548,26;1046,6
548,33;1077,9
548,40;1070,8
548,47;1058,8
548,54;1062,4
548,61;1087,6
548,68;1111,0
548,76;1094,2
548,83;1096,3
548,90;1104,7
548,97;1114,5
549,04;1095,0
549,11;1082,1
549,18;1131,8
549,25;1125,9
549,32;1112,3
549,39;1092,9
549,46;1076,3
549,53;1084,9
549,60;1055,8
549,67;1048,3
549,74;1046,9
549,81;1069,7
549,88;1052,8
549,95;1016,7
550,02;1028,3
550,09;1017,9
550,16;1021,7
550,23;1023,4
550,30;1031,1
550,37;1051,5
550,44;1044,0
550,51;1030,4
550,58;1024,2
550,66;1034,8
550,73;1025,6
550,80;1046,9
550,87;1084,2
550,94;1084,5
551,01;1076,9
551,08;1074,3
551,15;1077,7
551,22;1081,7
551,29;1084,5
551,36;1071,1
551,43;1113,4
551,50;1126,4
551,57;1097,0
551,64;1080,0
551,71;1090,6
551,78;1119,6
551,85;1093,2
551,92;1087,9
551,99;1083,0
552,06;1102,1
552,13;1100,0
552,20;1088,7
552,27;1103,1
552,34;1083,8
552,41;1076,3
552,48;1074,7
552,55;1103,1
552,62;1103,7
552,69;1108,1
552,76;1129,1
552,83;1144,1
552,90;1139,9
552,97;1097,0
553,04;1117,9
553,11;1130,0
553,18;1120,9
553,25;1098,4
553,32;1065,3
553,39;1102,9
553,46;1092,8
553,53;1061,4
553,60;1075,9
553,67;1087,3
553,74;1089,0
553,81;1065,3
553,88;1086,0
553,95;1114,9
554,02;1123,6
554,09;1114,0
554,16;1107,9
554,23;1132,8
554,30;1122,7
554,37;1093,9
554,44;1096,6
554,51;1115,8
554,58;1112,2
554,65;1087,8
554,72;1059,9
554,79;1058,2
554,86;1056,0
554,93;1031,6
555,00;1022,8
555,07;1058,5
555,14;1045,7
555,21;1019,5
555,28;1029,8
555,35;1023,0
555,42;1041,1
555,49;1053,8
555,56;1081,6
555,63;1109,7
555,70;1108,3
555,77;1103,4
555,84;1099,6
555,91;1141,6
555,98;1145,7
556,05;1134,4
556,12;1155,0
556,19;1158,7
556,26;1153,5
556,33;1126,0
556,40;1107,7
556,47;1114,5
556,54;1122,2
556,61;1092,4
556,68;1091,3
556,75;1119,3
556,82;1106,9
556,89;1082,8
556,96;1083,2
557,03;1102,8
557,10;1100,8
557,17;1103,9
557,24;1110,1
557,31;1114,4
557,38;1126,6
557,45;1109,1
557,52;1081,8
557,59;1110,4
557,66;1120,0
557,73;1089,4
557,80;1097,7
557,87;1111,6
557,94;1105,6
558,01;1082,2
558,08;1077,9
558,15;1076,9
558,22;1170,6
558,29;1179,1
558,36;1145,5
558,43;1179,1
558,50;1158,9
558,57;1147,2
558,64;1114,3
558,71;1147,6
558,77;1132,2
558,84;1139,8
558,91;1116,5
558,98;1044,1
559,05;1042,6
559,12;1021,9
559,19;1017,0
559,26;1045,3
559,33;1061,6
559,40;1050,0
559,47;1044,4
559,54;1051,7
559,61;1066,4
559,68;1047,7
559,75;1056,7
559,82;1076,7
559,89;1085,9
559,96;1083,8
560,03;1073,0
560,10;1093,3
560,17;1095,0
560,24;1088,1
560,31;1102,5
560,38;1124,1
560,45;1121,7
560,52;1089,8
560,58;1117,9
560,65;1159,7
560,72;1157,1
560,79;1143,3
560,86;1139,6
560,93;1150,9
561,00;1150,2
561,07;1125,4
561,14;1098,2
561,21;1110,0
561,28;1115,5
561,35;1061,3
561,42;1042,3
561,49;1053,9
561,56;1041,3
561,63;1030,5
561,70;1045,8
561,77;1079,4
561,84;1081,6
561,91;1084,0
561,97;1079,7
562,04;1108,5
562,11;1116,0
562,18;1092,9
562,25;1101,1
562,32;1124,8
562,39;1120,3
562,46;1089,0
562,53;1100,7
562,60;1104,4
562,67;1113,8
562,74;1114,1
562,81;1102,7
562,88;1114,0
562,95;1116,1
563,02;1104,9
563,09;1106,2
563,15;1126,9
563,22;1110,4
563,29;1073,2
563,36;1074,2
563,43;1082,4
563,50;1077,2
563,57;1067,1
563,64;1044,2
563,71;1070,2
563,78;1075,9
563,85;1050,6
563,92;1060,9
563,99;1082,1
564,06;1090,9
564,12;1072,9
564,19;1068,7
564,26;1077,6
564,33;1107,8
564,40;1104,6
564,47;1094,7
564,54;1096,8
564,61;1101,4
564,68;1089,5
564,75;1088,7
564,82;1111,5
564,89;1110,5
564,96;1123,7
565,03;1113,8
565,09;1117,3
565,16;1129,2
565,23;1116,3
565,30;1145,1
565,37;1148,8
565,44;1139,6
565,51;1141,4
565,58;1144,1
565,65;1172,9
565,72;1158,4
565,79;1137,6
565,86;1126,9
565,92;1134,9
565,99;1132,5
566,06;1087,3
566,13;1087,2
566,20;1094,4
566,27;1080,0
566,34;1070,5
566,41;1079,1
566,48;1086,6
566,55;1089,8
566,62;1091,9
566,68;1093,6
566,75;1116,2
566,82;1108,0
566,89;1098,0
566,96;1083,1
567,03;1103,8
567,10;1089,2
567,17;1055,5
567,24;1061,8
567,31;1072,3
567,37;1069,0
567,44;1034,6
567,51;1039,3
567,58;1044,0
567,65;1056,8
567,72;1048,7
567,79;1040,8
567,86;1060,8
567,93;1059,4
568,00;1045,5
568,06;1043,0
568,13;1071,2
568,20;1081,8
568,27;1075,2
568,34;1091,3
568,41;1117,0
568,48;1128,1
568,55;1114,5
568,62;1119,3
568,69;1124,4
568,75;1125,8
568,82;1113,7
568,89;1112,8
568,96;1127,4
569,03;1128,3
569,10;1115,4
569,17;1104,7
569,24;1121,6
569,31;1102,4
569,37;1084,4
569,44;1089,7
569,51;1093,7
569,58;1083,8
569,65;1059,5
569,72;1112,4
569,79;1117,3
569,86;1094,2
569,92;1086,8
569,99;1073,9
570,06;1107,5
570,13;1095,8
570,20;1102,4
570,27;1099,2
570,34;1143,4
570,41;1143,7
570,48;1071,2
570,54;1058,9
570,61;1063,9
570,68;1070,4
570,75;1060,4
570,82;1094,9
570,89;1109,7
570,96;1109,8
571,03;1113,2
571,09;1101,2
571,16;1139,1
571,23;1139,3
571,30;1146,7
571,37;1163,5
571,44;1169,1
571,51;1174,0
571,57;1128,9
571,64;1130,4
571,71;1122,6
571,78;1112,3
571,85;1093,3
571,92;1066,7
571,99;1111,7
572,06;1117,9
572,12;1097,6
572,19;1111,2
572,26;1109,9
572,33;1104,0
572,40;1095,8
572,47;1113,8
572,54;1123,5
572,60;1118,1
572,67;1098,8
572,74;1066,3
572,81;1094,5
572,88;1084,5
572,95;1068,2
573,02;1065,4
573,08;1060,2
573,15;1060,9
573,22;1035,2
573,29;1065,4
573,36;1096,2
573,43;1100,1
573,50;1084,8
573,56;1059,6
573,63;1098,5
573,70;1095,2
573,77;1095,9
573,84;1116,2
573,91;1119,8
573,98;1142,4
574,04;1108,8
574,11;1103,8
574,18;1116,3
574,25;1145,0
574,32;1145,2
574,39;1139,3
574,45;1164,8
574,52;1171,3
574,59;1187,8
574,66;1190,7
574,73;1196,6
574,80;1189,2
574,87;1173,3
574,93;1157,2
575,00;1150,2
575,07;1145,4
575,14;1128,1
575,21;1111,7
575,28;1103,0
575,34;1086,6
575,41;1112,9
575,48;1205,6
575,55;1308,0
575,62;1390,2
575,69;1469,5
575,75;1548,9
575,82;1647,8
575,89;1721,2
575,96;1796,7
576,03;1892,9
576,10;1970,0
576,16;1991,6
576,23;1943,1
576,30;1934,1
576,37;1917,1
576,44;1885,2
576,51;1831,3
576,57;1747,9
576,64;1698,2
576,71;1623,9
576,78;1527,4
576,85;1468,2
576,92;1409,9
576,98;1347,1
577,05;1257,0
577,12;1222,4
577,19;1199,7
577,26;1158,8
577,32;1139,4
577,39;1128,2
577,46;1144,6
577,53;1121,8
577,60;1107,2
577,67;1105,8
577,73;1125,3
577,80;1113,6
577,87;1081,3
577,94;1068,0
578,01;1095,2
578,07;1110,0
578,14;1087,4
578,21;1080,0
578,28;1088,6
578,35;1090,4
578,42;1069,2
578,48;1072,3
578,55;1082,5
578,62;1091,8
578,69;1070,9
578,76;1068,8
578,82;1091,1
578,89;1107,0
578,96;1111,8
579,03;1134,1
579,10;1144,9
579,16;1133,4
579,23;1132,7
579,30;1134,2
579,37;1159,1
579,44;1165,5
579,50;1153,2
579,57;1142,9
579,64;1160,5
579,71;1162,1
579,78;1128,6
579,84;1142,6
579,91;1156,1
579,98;1158,9
580,05;1162,9
580,12;1145,3
580,18;1155,9
580,25;1150,6
580,32;1128,6
580,39;1126,3
580,46;1134,6
580,52;1157,6
580,59;1158,5
580,66;1158,1
580,73;1183,8
580,80;1169,3
580,86;1157,1
580,93;1168,0
581,00;1210,7
581,07;1261,2
581,14;1282,3
581,20;1314,3
581,27;1359,7
581,34;1397,6
581,41;1410,8
581,48;1444,8
581,54;1507,3
581,61;1558,4
581,68;1566,8
581,75;1583,7
581,81;1573,8
581,88;1571,3
581,95;1567,3
582,02;1542,6
582,09;1527,7
582,15;1500,9
582,22;1445,8
582,29;1375,0
582,36;1361,9
582,43;1323,5
582,49;1275,8
582,56;1243,9
582,63;1224,3
582,70;1181,0
582,76;1143,9
582,83;1140,0
582,90;1157,4
582,97;1181,0
583,04;1171,0
583,10;1159,6
583,17;1159,7
583,24;1160,0
583,31;1137,2
583,37;1153,8
583,44;1175,6
583,51;1195,9
583,58;1199,3
583,64;1198,6
583,71;1217,3
583,78;1242,5
583,85;1270,7
583,92;1328,9
583,98;1457,7
584,05;1679,3
584,12;2201,8
584,19;3482,0
584,25;6527,6
584,32;10693
584,39;14945
584,46;19339
584,52;23672
584,59;28013
584,66;32309
584,73;36679
584,79;40925
584,86;44761
584,93;47533
585,00;48377
585,07;48102
585,13;47576
585,20;46424
585,27;44459
585,34;41107
585,40;36872
585,47;32512
585,54;28027
585,61;23786
585,67;19572
585,74;15594
585,81;11725
585,88;8057,6
585,94;4887,8
586,01;2651,0
586,08;1849,0
586,15;1731,3
586,21;1686,8
586,28;1639,3
586,35;1602,9
586,42;1597,5
586,48;1578,1
586,55;1536,7
586,62;1523,2
586,69;1531,3
586,75;1537,5
586,82;1524,6
586,89;1510,8
586,96;1520,9
587,02;1539,3
587,09;1577,9
587,16;1716,8
587,22;1994,3
587,29;2303,9
587,36;2597,8
587,43;2893,6
587,49;3179,9
587,56;3470,0
587,63;3751,6
587,70;4045,3
587,76;4326,1
587,83;4563,8
587,90;4687,5
587,97;4671,5
588,03;4663,6
588,10;4577,0
588,17;4431,5
588,24;4227,6
588,30;3932,5
588,37;3613,8
588,44;3273,7
588,50;2954,0
588,57;2627,2
588,64;2335,4
588,71;2014,8
588,77;1717,4
588,84;1486,8
588,91;1292,9
588,98;1171,5
589,04;1132,8
589,11;1153,4
589,18;1145,2
589,24;1183,9
589,31;1207,9
589,38;1255,1
589,45;1314,3
589,51;1314,5
589,58;1355,5
589,65;1403,4
589,71;1480,2
589,78;1527,8
589,85;1564,2
589,92;1616,8
589,98;1618,2
590,05;1631,9
590,12;1610,7
590,18;1606,1
590,25;1626,3
590,32;1579,8
590,39;1530,7
590,45;1496,8
590,52;1462,8
590,59;1412,3
590,65;1383,6
590,72;1371,1
590,79;1334,2
590,86;1306,0
590,92;1275,9
590,99;1244,5
591,06;1247,1
591,12;1242,8
591,19;1217,7
591,26;1202,8
591,33;1209,5
591,39;1182,6
591,46;1172,8
591,53;1196,0
591,59;1174,0
591,66;1155,3
591,73;1160,2
591,79;1168,4
591,86;1149,1
591,93;1137,6
592,00;1159,7
592,06;1159,2
592,13;1150,2
592,20;1130,4
592,26;1098,9
592,33;1116,7
592,40;1113,0
592,46;1081,1
592,53;1088,3
592,60;1108,3
592,67;1111,9
592,73;1074,8
592,80;1057,3
592,87;1078,8
592,93;1076,8
593,00;1081,2
593,07;1082,5
593,13;1120,6
593,20;1137,8
593,27;1111,2
593,33;1159,5
593,40;1290,3
593,47;1640,2
593,53;2194,5
593,60;2790,5
593,67;3420,3
593,74;4046,6
593,80;4652,1
593,87;5256,0
593,94;5886,2
594,00;6520,3
594,07;7059,5
594,14;7541,7
594,20;7777,5
594,27;7762,9
594,34;7682,0
594,40;7542,3
594,47;7335,5
594,54;6946,3
594,60;6367,9
594,67;5746,9
594,74;5143,4
594,80;4529,0
594,87;3908,1
594,94;3330,6
595,00;2830,4
595,07;2299,1
595,14;1801,4
595,20;1410,0
595,27;1226,0
595,34;1191,7
595,40;1151,1
595,47;1167,1
595,54;1198,1
595,60;1213,3
595,67;1205,7
595,74;1201,1
595,80;1232,7
595,87;1258,7
595,94;1257,2
596,00;1274,5
596,07;1300,2
596,14;1328,9
596,20;1318,3
596,27;1327,2
596,34;1337,4
596,40;1319,6
596,47;1338,2
596,54;1407,3
596,60;1554,0
596,67;1648,6
596,74;1732,8
596,80;1845,5
596,87;1961,8
596,94;2076,8
597,00;2180,4
597,07;2297,8
597,14;2430,6
597,20;2519,6
597,27;2519,3
597,34;2503,1
597,40;2496,9
597,47;2462,6
597,54;2391,0
597,60;2283,3
597,67;2157,4
597,74;2014,6
597,80;1884,0
597,87;1774,7
597,93;1682,3
598,00;1568,3
598,07;1448,2
598,13;1366,0
598,20;1291,4
598,27;1259,6
598,33;1229,9
598,40;1234,2
598,47;1239,7
598,53;1240,5
598,60;1210,4
598,67;1170,8
598,73;1213,3
598,80;1204,6
598,86;1195,7
598,93;1187,4
599,00;1204,3
599,06;1209,3
599,13;1191,9
599,20;1227,1
599,26;1194,3
599,33;1205,3
599,40;1208,5
599,46;1184,0
599,53;1196,6
599,59;1188,0
599,66;1158,5
599,73;1108,1
599,79;1112,4
599,86;1097,7
599,93;1075,2
599,99;1109,2
600,06;1106,3
600,13;1111,1
600,19;1105,6
600,26;1083,9
600,32;1093,7
600,39;1086,2
600,46;1090,8
600,52;1099,8
600,59;1129,0
600,66;1118,3
600,72;1091,4
600,79;1087,3
600,85;1077,2
600,92;1077,6
600,99;1056,7
601,05;1050,1
601,12;1077,0
601,19;1072,2
601,25;1037,3
601,32;1022,8
601,38;1025,0
601,45;1038,6
601,52;1026,2
601,58;1022,0
601,65;1021,2
601,71;1040,8
601,78;1038,7
601,85;1032,5
601,91;1068,0
601,98;1140,9
602,05;1253,8
602,11;1372,7
602,18;1528,5
602,24;1671,6
602,31;1798,3
602,38;1935,1
602,44;2085,6
602,51;2219,7
602,57;2330,9
602,64;2439,0
602,71;2502,9
602,77;2524,7
602,84;2514,5
602,90;2477,2
602,97;2429,8
603,04;2359,6
603,10;2231,9
603,17;2098,1
603,23;1983,8
603,30;1847,7
603,37;1720,6
603,43;1603,2
603,50;1482,1
603,56;1349,1
603,63;1231,0
603,70;1163,5
603,76;1112,5
603,83;1091,4
603,89;1067,5
603,96;1063,4
604,03;1098,8
604,09;1088,5
604,16;1060,5
604,22;1060,6
604,29;1069,1
604,36;1060,7
604,42;1047,4
604,49;1055,4
604,55;1065,0
604,62;1062,8
604,69;1036,8
604,75;1025,1
604,82;1049,6
604,88;1036,7
604,95;1034,0
605,01;1053,2
605,08;1073,6
605,15;1068,1
605,21;1051,3
605,28;1045,4
605,34;1058,3
605,41;1073,4
605,48;1063,1
605,54;1079,2
605,61;1120,6
605,67;1125,8
605,74;1096,8
605,80;1097,4
605,87;1117,6
605,94;1131,8
606,00;1133,1
606,07;1144,0
606,13;1160,1
606,20;1162,0
606,26;1175,5
606,33;1245,6
606,40;1473,6
606,46;1917,5
606,53;2432,1
606,59;2968,3
606,66;3524,6
606,72;4071,8
606,79;4621,5
606,86;5182,2
606,92;5768,4
606,99;6294,3
607,05;6746,7
607,12;7047,4
607,18;7139,5
607,25;7123,4
607,32;7036,9
607,38;6909,4
607,45;6686,4
607,51;6290,5
607,58;5739,0
607,64;5158,7
607,71;4611,5
607,77;4062,4
607,84;3515,5
607,91;2981,1
607,97;2481,7
608,04;2011,0
608,10;1591,5
608,17;1278,8
608,23;1135,2
608,30;1117,6
608,37;1117,1
608,43;1151,8
608,50;1291,4
608,56;1583,9
608,63;2210,6
608,69;3085,7
608,76;4008,1
608,82;4957,5
608,89;5863,3
608,95;6785,1
609,02;7729,6
609,09;8651,7
609,15;9531,7
609,22;10340
609,28;10937
609,35;11125
609,41;11071
609,48;10973
609,54;10780
609,61;10452
609,67;9901,7
609,74;9036,9
609,81;8114,9
609,87;7189,3
609,94;6227,9
610,00;5343,5
610,07;4468,3
610,13;3646,5
610,20;2810,8
610,26;2128,2
610,33;1571,9
610,39;1215,0
610,46;1150,1
610,52;1138,3
610,59;1187,6
610,66;1166,4
610,72;1160,2
610,79;1155,7
610,85;1170,8
610,92;1170,2
610,98;1115,3
611,05;1129,3
611,11;1135,4
611,18;1158,0
611,24;1118,3
611,31;1087,8
611,37;1123,8
611,44;1129,6
611,50;1133,1
611,57;1130,2
611,63;1150,5
611,70;1149,7
611,77;1117,0
611,83;1120,6
611,90;1136,8
611,96;1163,7
612,03;1143,6
612,09;1146,2
612,16;1185,5
612,22;1197,4
612,29;1189,4
612,35;1184,3
612,42;1212,6
612,48;1233,8
612,55;1243,6
612,61;1223,8
612,68;1242,1
612,74;1268,6
612,81;1240,1
612,87;1223,7
612,94;1239,9
613,00;1246,5
613,07;1260,6
613,13;1336,9
613,20;1534,3
613,26;2059,8
613,33;3149,5
613,39;4592,6
613,46;6006,9
613,52;7480,6
613,59;8935,9
613,65;10401
613,72;11875
613,78;13320
613,85;14769
613,91;15999
613,98;16869
614,05;17083
614,11;16961
614,18;16807
614,24;16521
614,31;15984
614,37;15028
614,44;13723
614,50;12264
614,57;10760
614,63;9288,6
614,70;7889,2
614,76;6514,7
614,82;5227,5
614,89;3947,0
614,95;2793,9
615,02;1905,6
615,08;1421,8
615,15;1325,5
615,21;1295,8
615,28;1372,4
615,34;1547,0
615,41;1828,5
615,47;2177,1
615,54;2530,8
615,60;2898,6
615,67;3218,2
615,73;3616,7
615,80;3977,5
615,86;4329,0
615,93;4662,4
615,99;4921,6
616,06;5091,6
616,12;5094,7
616,19;5046,7
616,25;4979,1
616,32;4934,2
616,38;4761,2
616,45;4458,0
616,51;4109,8
616,58;3737,6
616,64;3380,1
616,71;3014,1
616,77;2667,9
616,84;2345,0
616,90;2043,8
616,97;1700,6
617,03;1418,3
617,09;1248,0
617,16;1157,3
617,22;1130,3
617,29;1128,8
617,35;1164,6
617,42;1168,7
617,48;1167,6
617,55;1181,2
617,61;1194,4
617,68;1201,5
617,74;1189,4
617,81;1202,3
617,87;1214,0
617,94;1215,1
618,00;1193,6
618,07;1185,2
618,13;1200,0
618,19;1187,6
618,26;1169,6
618,32;1170,4
618,39;1171,4
618,45;1151,6
618,52;1121,5
618,58;1129,4
618,65;1141,2
618,71;1124,0
618,78;1104,5
618,84;1090,7
618,91;1097,8
618,97;1082,3
619,03;1068,3
619,10;1063,3
619,16;1071,4
619,23;1068,4
619,29;1035,1
619,36;1011,7
619,42;1036,9
619,49;1027,3
619,55;1011,9
619,62;1036,4
619,68;1056,7
619,74;1045,4
619,81;1032,6
619,87;1042,7
619,94;1049,6
620,00;1062,9
620,07;1056,6
620,13;1047,9
620,20;1058,8
620,26;1058,4
620,32;1028,3
620,39;1024,9
620,45;1040,2
620,52;1055,1
620,58;1061,4
620,65;1102,3
620,71;1195,3
620,78;1345,3
620,84;1495,7
620,90;1654,4
620,97;1847,0
621,03;2007,8
621,10;2169,3
621,16;2343,8
621,23;2509,4
621,29;2669,2
621,35;2786,4
621,42;2859,6
621,48;2883,9
621,55;2879,1
621,61;2834,1
621,68;2764,3
621,74;2702,7
621,80;2550,1
621,87;2377,1
621,93;2241,8
622,00;2087,2
622,06;1913,7
622,13;1744,9
622,19;1601,5
622,25;1483,7
622,32;1357,5
622,38;1226,8
622,45;1136,8
622,51;1152,9
622,58;1138,7
622,64;1085,3
622,70;1089,3
622,77;1085,3
622,83;1075,0
622,90;1041,0
622,96;1034,2
623,03;1046,9
623,09;1052,7
623,15;1044,4
623,22;1016,3
623,28;1037,6
623,35;1048,4
623,41;1026,1
623,47;1051,5
623,54;1058,8
623,60;1056,3
623,67;1037,9
623,73;1023,5
623,80;1052,4
623,86;1047,8
623,92;1057,6
623,99;1046,4
624,05;1060,9
624,12;1067,1
624,18;1043,7
624,24;1076,3
624,31;1108,0
624,37;1119,8
624,44;1101,3
624,50;1105,1
624,56;1137,4
624,63;1127,0
624,69;1107,8
624,76;1099,2
624,82;1110,7
624,88;1130,3
624,95;1088,5
625,01;1075,3
625,08;1086,3
625,14;1095,9
625,20;1067,5
625,27;1047,2
625,33;1082,6
625,40;1087,8
625,46;1097,7
625,52;1145,4
625,59;1316,0
625,65;1745,6
625,72;2327,4
625,78;2976,7
625,84;3679,5
625,91;4351,7
625,97;5003,3
626,04;5637,3
626,10;6341,3
626,16;7023,1
626,23;7611,5
626,29;8072,8
626,35;8307,2
626,42;8327,6
626,48;8247,1
626,55;8149,0
626,61;7983,3
626,67;7703,7
626,74;7188,6
626,80;6530,0
626,87;5864,1
626,93;5213,8
626,99;4554,5
627,06;3896,8
627,12;3313,4
627,18;2715,8
627,25;2139,8
627,31;1642,1
627,38;1298,5
627,44;1164,8
627,50;1118,8
627,57;1102,8
627,63;1097,7
627,69;1096,8
627,76;1067,6
627,82;1048,6
627,89;1064,2
627,95;1056,4
628,01;1040,1
628,08;1039,0
628,14;1060,7
628,20;1061,7
628,27;1041,2
628,33;1072,4
628,40;1090,8
628,46;1092,9
628,52;1084,8
628,59;1067,2
628,65;1102,2
628,71;1108,2
628,78;1083,3
628,84;1068,0
628,90;1075,7
628,97;1075,8
629,03;1054,0
629,09;1049,5
629,16;1094,3
629,22;1123,4
629,29;1108,3
629,35;1122,5
629,41;1198,0
629,48;1332,1
629,54;1508,9
629,60;1721,3
629,67;1939,1
629,73;2129,5
629,79;2306,3
629,86;2482,6
629,92;2693,1
629,98;2924,9
630,05;3092,3
630,11;3258,4
630,18;3346,1
630,24;3335,5
630,30;3311,4
630,37;3286,6
630,43;3263,8
630,49;3185,1
630,56;3015,7
630,62;2805,4
630,68;2604,4
630,75;2393,0
630,81;2161,4
630,87;1979,2
630,94;1830,3
631,00;1644,8
631,06;1467,8
631,13;1308,8
631,19;1200,3
631,25;1160,1
631,32;1133,6
631,38;1133,6
631,44;1145,4
631,51;1133,8
631,57;1103,4
631,63;1098,1
631,70;1105,8
631,76;1080,0
631,82;1092,6
631,89;1093,0
631,95;1117,8
632,01;1135,1
632,08;1133,8
632,14;1154,6
632,20;1169,5
632,27;1216,8
632,33;1274,5
632,39;1501,5
632,46;1974,8
632,52;2590,5
632,58;3222,5
632,65;3869,0
632,71;4545,4
632,77;5191,6
632,84;5818,3
632,90;6461,3
632,96;7120,4
633,03;7675,6
633,09;8047,2
633,15;8167,8
633,22;8128,5
633,28;8059,8
633,34;7921,8
633,41;7733,8
633,47;7450,5
633,53;6929,0
633,59;6266,9
633,66;5609,6
633,72;5005,5
633,78;4400,6
633,85;3776,9
633,91;3199,6
633,97;2638,0
634,04;2112,3
634,10;1610,1
634,16;1269,1
634,23;1185,2
634,29;1171,4
634,35;1124,9
634,42;1123,9
634,48;1114,4
634,54;1114,8
634,60;1105,7
634,67;1095,3
634,73;1128,1
634,79;1125,2
634,86;1112,3
634,92;1097,5
634,98;1115,7
635,05;1101,0
635,11;1068,1
635,17;1092,8
635,23;1110,1
635,30;1109,0
635,36;1091,0
635,42;1065,3
635,49;1075,0
635,55;1067,7
635,61;1041,1
635,68;1030,9
635,74;1058,4
635,80;1051,5
635,86;1025,3
635,93;1032,6
635,99;1031,6
636,05;1043,0
636,12;1038,3
636,18;1027,4
636,24;1032,2
636,30;1047,3
636,37;1038,3
636,43;1025,3
636,49;1052,4
636,56;1051,8
636,62;1028,3
636,68;1050,8
636,74;1054,3
636,81;1048,7
636,87;1063,1
636,93;1090,0
637,00;1123,4
637,06;1124,6
637,12;1136,2
637,18;1200,5
637,25;1431,1
637,31;1959,8
637,37;2635,5
637,44;3398,8
637,50;4202,0
637,56;4946,6
637,62;5664,9
637,69;6406,1
637,75;7207,3
637,81;7953,6
637,87;8651,4
637,94;9163,0
638,00;9361,8
638,06;9364,8
638,13;9278,0
638,19;9153,0
638,25;9012,6
638,31;8738,0
638,38;8192,3
638,44;7463,3
638,50;6702,8
638,56;5941,4
638,63;5180,1
638,69;4479,7
638,75;3801,1
638,82;3131,6
638,88;2484,3
638,94;1924,7
639,00;1545,5
639,07;1437,7
639,13;1669,5
639,19;2365,3
639,25;3863,1
639,32;5694,6
639,38;7531,1
639,44;9469,2
639,50;11353
639,57;13275
639,63;15127
639,69;17078
639,75;18937
639,82;20582
639,88;21665
639,94;21939
640,00;21882
640,07;21639
640,13;21322
640,19;20793
640,25;20013
640,32;18557
640,38;16625
640,44;14703
640,50;12820
640,57;10991
640,63;9126,9
640,69;7427,2
640,75;5760,2
640,82;4204,0
640,88;2813,8
640,94;1763,7
641,00;1369,6
641,07;1299,2
641,13;1240,9
641,19;1185,2
641,25;1188,1
641,32;1192,6
641,38;1165,6
641,44;1155,7
641,50;1167,9
641,56;1152,8
641,63;1117,3
641,69;1115,7
641,75;1118,4
641,81;1122,7
641,88;1103,6
641,94;1088,6
642,00;1088,6
642,06;1081,0
642,13;1054,2
642,19;1037,9
642,25;1072,9
642,31;1073,1
642,37;1055,6
642,44;1054,8
642,50;1066,9
642,56;1067,1
642,62;1039,1
642,69;1061,6
642,75;1084,2
642,81;1070,1
642,87;1042,1
642,93;1033,3
643,00;1060,9
643,06;1058,1
643,12;1051,3
643,18;1062,3
643,25;1081,8
643,31;1072,8
643,37;1029,2
643,43;1052,5
643,49;1083,2
643,56;1079,9
643,62;1062,6
643,68;1051,0
643,74;1098,1
643,81;1085,9
643,87;1062,3
643,93;1067,8
643,99;1101,6
644,05;1100,2
644,12;1049,2
644,18;1049,9
644,24;1049,5
644,30;1055,6
644,36;1014,3
644,43;986,68
644,49;1006,8
644,55;1000,4
644,61;983,68
644,67;998,20
644,74;1032,4
644,80;1026,3
644,86;1028,9
644,92;1037,7
644,98;1065,9
645,05;1077,1
645,11;1053,2
645,17;1049,8
645,23;1072,8
645,29;1082,1
645,36;1031,5
645,42;1032,6
645,48;1058,4
645,54;1055,1
645,60;1027,4
645,67;999,70
645,73;1017,3
645,79;1028,2
645,85;1014,5
645,91;1005,3
645,98;1008,4
646,04;1004,6
646,10;982,25
646,16;989,58
646,22;1003,0
646,29;1003,1
646,35;1013,7
646,41;1017,1
646,47;1043,0
646,53;1028,9
646,59;1017,1
646,66;1026,7
646,72;1047,5
646,78;1038,3
646,84;998,28
646,90;1003,5
646,97;1018,8
647,03;1017,9
647,09;987,45
647,15;978,43
647,21;1020,0
647,27;1024,9
647,34;997,72
647,40;1018,8
647,46;1034,7
647,52;1035,3
647,58;1015,0
647,64;1017,3
647,71;1020,5
647,77;1024,7
647,83;1018,2
647,89;993,77
647,95;1029,5
648,01;1022,7
648,08;997,33
648,14;990,45
648,20;1026,9
648,26;1040,5
648,32;1005,0
648,38;1028,1
648,45;1065,1
648,51;1069,9
648,57;1037,1
648,63;1049,2
648,69;1071,8
648,75;1065,3
648,82;1050,2
648,88;1038,5
648,94;1072,2
649,00;1085,8
649,06;1056,9
649,12;1059,1
649,19;1088,8
649,25;1101,8
649,31;1074,8
649,37;1086,3
649,43;1149,4
649,49;1228,9
649,56;1385,0
649,62;1756,3
649,68;2580,3
649,74;3616,1
649,80;4663,8
649,86;5786,1
649,92;6872,9
649,99;7972,9
650,05;9039,1
650,11;10144
650,17;11213
650,23;12161
650,29;12830
650,35;13061
650,42;13069
650,48;12941
650,54;12768
650,60;12530
650,66;12152
650,72;11452
650,78;10415
650,85;9290,6
650,91;8203,8
650,97;7102,3
651,03;6014,7
651,09;5040,2
651,15;4098,3
651,21;3156,9
651,28;2317,3
651,34;1651,0
651,40;1306,1
651,46;1208,6
651,52;1180,4
651,58;1172,0
651,64;1196,3
651,70;1196,9
651,77;1123,9
651,83;1109,5
651,89;1134,9
651,95;1135,2
652,01;1102,5
652,07;1090,3
652,13;1112,7
652,19;1135,6
652,26;1180,2
652,32;1335,8
652,38;1562,8
652,44;1797,4
652,50;2004,2
652,56;2199,2
652,62;2454,9
652,68;2672,9
652,75;2898,8
652,81;3111,3
652,87;3323,7
652,93;3457,0
652,99;3466,5
653,05;3476,1
653,11;3450,2
653,17;3426,4
653,23;3356,4
653,30;3238,8
653,36;3102,4
653,42;2877,3
653,48;2639,3
653,54;2417,1
653,60;2218,6
653,66;2034,6
653,72;1784,4
653,78;1591,3
653,85;1436,7
653,91;1265,8
653,97;1121,8
654,03;1065,3
654,09;1077,0
654,15;1067,5
654,21;1055,9
654,27;1049,1
654,33;1060,7
654,40;1086,6
654,46;1062,8
654,52;1043,4
654,58;1073,8
654,64;1064,8
654,70;1033,4
654,76;1054,6
654,82;1088,5
654,88;1086,4
654,94;1063,1
655,01;1072,1
655,07;1075,3
655,13;1077,5
655,19;1072,3
655,25;1076,4
655,31;1137,3
655,37;1127,8
655,43;1097,0
655,49;1093,4
655,55;1127,4
655,61;1125,9
655,68;1086,4
655,74;1083,4
655,80;1080,9
655,86;1074,6
655,92;1031,7
655,98;994,90
656,04;1025,2
656,10;1025,6
656,16;984,82
656,22;995,18
656,28;1008,6
656,34;1020,6
656,41;1014,7
656,47;1035,8
656,53;1048,0
656,59;1052,4
656,65;1054,4
656,71;1037,4
656,77;1077,8
656,83;1065,9
656,89;1037,4
656,95;1039,6
657,01;1041,8
657,07;1042,2
657,13;1010,2
657,20;1041,6
657,26;1092,6
657,32;1080,9
657,38;1060,6
657,44;1031,1
657,50;1064,5
657,56;1065,3
657,62;1046,8
657,68;1064,5
657,74;1080,6
657,80;1105,4
657,86;1037,9
657,92;1038,2
657,98;1105,8
658,04;1103,8
658,10;1100,4
658,17;1087,5
658,23;1112,9
658,29;1116,9
658,35;1091,5
658,41;1108,6
658,47;1118,2
658,53;1131,1
658,59;1079,9
658,65;1059,4
658,71;1099,1
658,77;1139,8
658,83;1237,4
658,89;1481,4
658,95;1896,3
659,01;2339,4
659,07;2757,3
659,13;3207,0
659,20;3698,8
659,26;4149,1
659,32;4581,5
659,38;5031,8
659,44;5491,2
659,50;5847,0
659,56;6001,7
659,62;6045,2
659,68;6044,2
659,74;6018,2
659,80;5927,1
659,86;5805,6
659,92;5630,4
659,98;5301,2
660,04;4842,9
660,10;4354,2
660,16;3930,8
660,22;3481,2
660,28;3009,9
660,34;2581,4
660,40;2176,7
660,46;1796,2
660,52;1437,2
660,58;1183,3
660,64;1069,4
660,71;1057,9
660,77;1034,5
660,83;1037,9
660,89;1069,9
660,95;1064,2
661,01;1052,4
661,07;1026,7
661,13;1034,3
661,19;1032,8
661,25;1019,8
661,31;1018,0
661,37;1033,7
661,43;1026,4
661,49;975,35
661,55;960,95
661,61;987,68
661,67;983,42
661,73;976,75
661,79;975,93
661,85;978,22
661,91;1001,3
661,97;975,90
662,03;982,20
662,09;996,98
662,15;997,48
662,21;982,02
662,27;984,57
662,33;1045,7
662,39;1050,4
662,45;1043,3
662,51;1022,6
662,57;1052,2
662,63;1061,3
662,69;1024,9
662,75;1032,1
662,81;1057,6
662,87;1074,8
662,93;1009,3
662,99;1006,3
663,05;1014,1
663,11;1029,7
663,17;1031,3
663,23;999,60
663,29;1019,3
663,35;1029,6
663,41;1017,3
663,47;981,95
663,53;1018,7
663,59;1032,9
663,65;993,57
663,71;982,42
663,77;988,57
663,83;998,03
663,89;980,75
663,95;1004,4
664,01;1016,0
664,07;1017,6
664,13;1012,8
664,19;1008,7
664,25;1039,0
664,31;1044,9
664,37;1045,3
664,43;1041,9
664,49;1070,8
664,55;1068,8
664,61;1028,5
664,67;1033,2
664,73;1044,6
664,79;1038,6
664,85;1014,1
664,91;995,65
664,97;1017,4
665,03;1022,0
665,09;996,28
665,15;1002,1
665,21;1032,1
665,27;1037,8
665,33;1014,4
665,39;1013,1
665,45;1050,2
665,51;1054,8
665,57;1039,6
665,63;1051,5
665,69;1068,8
665,75;1081,6
665,81;1042,2
665,87;1036,7
665,93;1069,8
665,99;1070,6
666,05;1073,9
666,11;1069,0
666,17;1110,4
666,23;1106,2
666,29;1081,9
666,35;1094,8
666,41;1110,8
666,47;1131,4
666,53;1106,7
666,59;1103,7
666,65;1145,1
666,71;1206,8
666,76;1355,7
666,82;1776,8
666,88;2561,5
666,94;3424,1
667,00;4271,1
667,06;5169,1
667,12;6071,6
667,18;6971,9
667,24;7836,1
667,30;8726,1
667,36;9586,7
667,42;10320
667,48;10704
667,54;10783
667,60;10787
667,66;10721
667,72;10562
667,78;10361
667,84;10063
667,90;9529,7
667,96;8725,5
668,02;7804,6
668,08;6937,0
668,14;6061,9
668,19;5184,6
668,25;4325,2
668,31;3544,7
668,37;2791,6
668,43;2079,7
668,49;1523,9
668,55;1185,1
668,61;1101,2
668,67;1062,7
668,73;1041,3
668,79;1076,0
668,85;1069,4
668,91;1060,7
668,97;1064,3
669,03;1083,6
669,09;1074,0
669,15;1049,0
669,20;1062,4
669,26;1074,4
669,32;1071,2
669,38;1099,3
669,44;1098,1
669,50;1110,5
669,56;1121,3
669,62;1077,8
669,68;1079,3
669,74;1102,7
669,80;1118,4
669,86;1075,1
669,92;1079,6
669,98;1087,1
670,04;1035,2
670,09;1012,5
670,15;1016,0
670,21;1045,2
670,27;1055,7
670,33;1040,1
670,39;1033,2
670,45;1045,6
670,51;1075,8
670,57;1107,7
670,63;1171,8
670,69;1368,3
670,75;1719,3
670,81;2134,7
670,87;2576,4
670,92;3055,4
670,98;3503,6
671,04;3940,3
671,10;4414,7
671,16;4856,8
671,22;5271,4
671,28;5641,1
671,34;5890,1
671,40;5983,3
671,46;5960,0
671,52;5873,6
671,57;5813,8
671,63;5792,6
671,69;5642,5
671,75;5399,7
671,81;5033,9
671,87;4594,1
671,93;4146,2
671,99;3682,8
672,05;3253,0
672,11;2871,9
672,17;2488,5
672,22;2043,8
672,28;1679,7
672,34;1386,0
672,40;1165,7
672,46;1068,4
672,52;1068,3
672,58;1085,9
672,64;1074,4
672,70;1053,2
672,76;1032,7
672,81;1074,6
672,87;1082,8
672,93;1044,1
672,99;1055,4
673,05;1075,8
673,11;1072,0
673,17;1045,1
673,23;1060,7
673,29;1085,9
673,35;1078,6
673,40;1062,8
673,46;1044,2
673,52;1086,2
673,58;1093,1
673,64;1051,9
673,70;1033,7
673,76;1082,9
673,82;1108,7
673,88;1060,7
673,93;1087,8
673,99;1103,2
674,05;1104,1
674,11;1075,2
674,17;1054,2
674,23;1070,7
674,29;1076,9
674,35;1085,2
674,40;1069,5
674,46;1089,0
674,52;1077,1
674,58;1054,6
674,64;1057,5
674,70;1081,5
674,76;1080,4
674,82;1040,6
674,87;1036,4
674,93;1040,3
674,99;1021,2
675,05;971,82
675,11;974,55
675,17;1001,3
675,23;1000,6
675,29;980,30
675,34;979,97
675,40;1001,1
675,46;1007,5
675,52;1004,5
675,58;1019,5
675,64;1056,8
675,70;1055,0
675,75;1035,3
675,81;1048,7
675,87;1064,1
675,93;1049,7
675,99;1024,7
676,05;1010,3
676,11;1033,9
676,16;1019,9
676,22;991,78
676,28;1005,8
676,34;1028,1
676,40;1023,0
676,46;981,65
676,52;996,72
676,57;1020,2
676,63;1012,2
676,69;1007,1
676,75;1011,2
676,81;1066,7
676,87;1069,8
676,93;1031,6
676,98;1043,2
677,04;1069,8
677,10;1072,9
677,16;1040,9
677,22;1046,4
677,28;1069,4
677,34;1076,4
677,39;1042,2
677,45;1001,8
677,51;1035,1
677,57;1029,8
677,63;1005,3
677,69;994,80
677,74;1012,1
677,80;1020,1
677,86;984,50
677,92;981,88
677,98;984,65
678,04;1006,1
678,09;983,62
678,15;970,55
678,21;996,33
678,27;991,22
678,33;982,87
678,39;962,98
678,44;983,88
678,50;1000,8
678,56;998,87
678,62;1016,7
678,68;1060,2
678,74;1079,2
678,79;1055,9
678,85;1069,4
678,91;1085,3
678,97;1091,6
679,03;1089,3
679,09;1083,7
679,14;1079,7
679,20;1082,7
679,26;1037,5
679,32;990,77
679,38;1000,7
679,43;992,07
679,49;959,17
679,55;944,97
679,61;955,42
679,67;947,48
679,73;935,07
679,78;975,50
679,84;999,32
679,90;1003,3
679,96;1004,1
680,02;1010,9
680,07;1045,2
680,13;1041,3
680,19;1045,8
680,25;1064,0
680,31;1078,4
680,37;1062,4
680,42;1024,2
680,48;1024,7
680,54;1049,0
680,60;1040,1
680,66;1011,7
680,71;1039,7
680,77;1068,7
680,83;1051,9
680,89;1026,8
680,95;1043,3
681,00;1088,2
681,06;1079,5
681,12;1055,3
681,18;1042,9
681,24;1106,1
681,29;1102,0
681,35;1039,9
681,41;1072,8
681,47;1098,8
681,53;1099,3
681,58;1064,1
681,64;1060,7
681,70;1073,5
681,76;1086,2
681,82;1072,4
681,87;1067,5
681,93;1094,4
681,99;1089,0
682,05;1059,4
682,10;1040,8
682,16;1058,5
682,22;1041,4
682,28;1027,1
682,34;1029,5
682,39;1054,6
682,45;1039,4
682,51;989,65
682,57;991,23
682,63;1005,6
682,68;998,52
682,74;983,65
682,80;1013,0
682,86;1050,0
682,91;1048,0
682,97;1024,9
683,03;1028,0
683,09;1052,4
683,15;1062,3
683,20;1049,1
683,26;1067,6
683,32;1127,4
683,38;1121,9
683,43;1088,1
683,49;1091,8
683,55;1108,1
683,61;1109,4
683,67;1088,8
683,72;1075,7
683,78;1079,2
683,84;1078,1
683,90;1034,8
683,95;999,03
684,01;1034,2
684,07;1036,3
684,13;1001,8
684,18;1021,5
684,24;1036,2
684,30;1045,3
684,36;1038,6
684,41;1053,7
684,47;1070,8
684,53;1066,9
684,59;1053,9
684,64;1037,2
684,70;1066,7
684,76;1054,7
684,82;1015,3
684,88;1004,5
684,93;1009,6
684,99;1002,7
685,05;980,75
685,11;996,82
685,16;1030,6
685,22;1030,4
685,28;1002,9
685,34;1007,0
685,39;1042,5
685,45;1050,2
685,51;1046,0
685,57;1047,2
685,62;1077,5
685,68;1072,9
685,74;1045,9
685,80;1033,7
685,85;1064,7
685,91;1070,0
685,97;1023,1
686,02;1059,8
686,08;1083,3
686,14;1091,6
686,20;1070,5
686,25;1062,2
686,31;1108,4
686,37;1104,9
686,43;1088,4
686,48;1092,2
686,54;1138,9
686,60;1139,3
686,66;1074,8
686,71;1074,3
686,77;1099,6
686,83;1113,8
686,89;1095,3
686,94;1084,0
687,00;1106,4
687,06;1096,5
687,11;1059,1
687,17;1039,8
687,23;1070,9
687,29;1074,1
687,34;1036,5
687,40;999,35
687,46;1007,0
687,52;1006,3
687,57;976,82
687,63;985,13
687,69;1020,0
687,74;1033,9
687,80;1002,8
687,86;999,73
687,92;1023,3
687,97;1038,2
688,03;1031,7
688,09;1027,4
688,14;1045,9
688,20;1044,2
688,26;1025,6
688,32;1028,6
688,37;1019,3
688,43;1016,0
688,49;1004,8
688,54;998,38
688,60;1034,8
688,66;1042,1
688,72;1028,9
688,77;1041,1
688,83;1065,6
688,89;1050,0
688,94;1018,3
689,00;1049,4
689,06;1080,2
689,11;1082,1
689,17;1056,1
689,23;1020,1
689,29;1048,2
689,34;1042,3
689,40;994,92
689,46;992,28
689,51;1010,4
689,57;1007,7
689,63;976,78
689,68;958,12
689,74;981,22
689,80;1009,4
689,86;1001,0
689,91;992,08
689,97;1022,8
690,03;1038,7
690,08;1030,0
690,14;1022,3
690,20;1037,3
690,25;1034,9
690,31;1021,2
690,37;1019,5
690,42;1022,0
690,48;1020,5
690,54;1002,0
690,60;996,95
690,65;1022,2
690,71;1036,2
690,77;1023,3
690,82;1032,2
690,88;1051,6
690,94;1053,3
690,99;1022,3
691,05;1040,1
691,11;1091,8
691,16;1091,6
691,22;1073,1
691,28;1047,9
691,33;1052,6
691,39;1055,8
691,45;1024,9
691,50;1041,4
691,56;1070,1
691,62;1071,3
691,67;1034,4
691,73;1031,9
691,79;1088,3
691,84;1142,2
691,90;1252,3
691,96;1545,7
692,01;2063,1
692,07;2637,6
692,13;3172,3
692,18;3739,3
692,24;4338,3
692,30;4909,1
692,35;5443,5
692,41;6016,8
692,47;6584,0
692,52;7028,6
692,58;7277,4
692,64;7350,6
692,69;7377,7
692,75;7342,6
692,81;7268,5
692,86;7180,3
692,92;7053,0
692,98;6822,0
693,03;6399,0
693,09;5871,8
693,15;5331,1
693,20;4750,2
693,26;4158,6
693,32;3613,1
693,37;3109,6
693,43;2597,7
693,49;2096,4
693,54;1691,9
693,60;1369,3
693,66;1172,9
693,71;1087,5
693,77;1081,2
693,82;1111,6
693,88;1086,1
693,94;1055,3
693,99;1058,8
694,05;1081,9
694,11;1072,5
694,16;1037,6
694,22;1037,9
694,28;1069,8
694,33;1063,8
694,39;1039,7
694,44;1025,0
694,50;1033,6
694,56;1038,5
694,61;1003,5
694,67;1001,2
694,73;1008,1
694,78;1006,2
694,84;991,62
694,90;989,58
694,95;1024,8
695,01;1010,4
695,06;998,12
695,12;1028,4
695,18;1045,0
695,23;1053,7
695,29;1025,4
695,35;1042,6
695,40;1086,3
695,46;1075,4
695,51;1071,6
695,57;1072,4
695,63;1113,3
695,68;1117,9
695,74;1080,7
695,80;1072,3
695,85;1087,9
695,91;1099,3
695,96;1060,3
696,02;1045,6
696,08;1074,3
696,13;1063,7
696,19;1019,3
696,25;1018,5
696,30;1026,7
696,36;1032,8
696,41;1008,0
696,47;994,22
696,53;1017,7
696,58;1015,8
696,64;998,40
696,69;1001,0
696,75;1012,3
696,81;1008,5
696,86;989,73
696,92;1013,8
696,97;1060,1
697,03;1059,5
697,09;1051,2
697,14;1034,0
697,20;1069,0
697,25;1056,1
697,31;1028,7
697,37;1048,8
697,42;1061,2
697,48;1060,1
697,53;1012,7
697,59;989,07
697,65;1001,1
697,70;1013,7
697,76;991,95
697,81;984,97
697,87;1017,3
697,93;1025,6
697,98;995,55
698,04;1013,8
698,09;1059,1
698,15;1065,3
698,21;1063,8
698,26;1059,3
698,32;1073,9
698,37;1090,5
698,43;1066,1
698,49;1067,0
698,54;1069,8
698,60;1066,9
698,65;1039,7
698,71;1018,5
698,76;1041,8
698,82;1026,8
698,88;1018,5
698,93;1039,9
698,99;1052,4
699,04;1045,5
699,10;1012,7
699,16;1014,9
699,21;1050,0
699,27;1036,6
699,32;1018,4
699,38;1009,7
699,43;1042,6
699,49;1031,9
699,55;990,27
699,60;988,35
699,66;1003,4
699,71;1013,1
699,77;986,32
699,82;1010,3
699,88;1043,6
699,94;1038,0
699,99;1011,5
700,05;1016,6
700,10;1072,5
700,16;1074,2
700,21;1070,1
700,27;1094,2
700,32;1113,1
700,38;1102,3
700,44;1051,5
700,49;1039,1
700,55;1061,9
700,60;1067,0
700,66;1032,8
700,71;992,97
700,77;1009,3
700,83;1008,3
700,88;957,53
700,94;958,30
700,99;985,43
701,05;991,83
701,10;978,83
701,16;996,50
701,21;1044,9
701,27;1050,6
701,32;1038,4
701,38;1038,1
701,44;1080,3
701,49;1112,9
701,55;1105,3
701,60;1130,2
701,66;1184,2
701,71;1217,1
701,77;1186,9
701,82;1187,8
701,88;1243,8
701,93;1284,8
701,99;1292,4
702,05;1305,0
702,10;1388,2
702,16;1502,5
702,21;1656,0
702,27;2062,1
702,32;2691,7
702,38;3371,8
702,43;4036,6
702,49;4746,4
702,54;5463,4
702,60;6138,8
702,65;6817,2
702,71;7415,7
702,77;8046,2
702,82;8539,3
702,88;8751,6
702,93;8802,5
702,99;8774,6
703,04;8692,6
703,10;8540,7
703,15;8417,2
703,21;8274,8
703,26;8008,1
703,32;7604,9
703,37;6987,9
703,43;6312,9
703,48;5633,8
703,54;4918,7
703,59;4270,5
703,65;3657,2
703,70;3055,1
703,76;2445,7
703,81;1927,8
703,87;1513,6
703,93;1231,4
703,98;1109,3
704,04;1111,5
704,09;1115,4
704,15;1117,3
704,20;1110,4
704,26;1102,8
704,31;1128,6
704,37;1116,2
704,42;1095,3
704,48;1070,4
704,53;1110,1
704,59;1114,5
704,64;1080,1
704,70;1075,7
704,75;1103,1
704,81;1107,5
704,86;1086,8
704,92;1074,2
704,97;1091,8
705,03;1120,1
705,08;1097,0
705,14;1115,0
705,19;1133,6
705,25;1148,2
705,30;1137,9
705,36;1142,8
705,41;1165,1
705,47;1163,5
705,52;1180,0
705,58;1159,7
705,63;1192,2
705,69;1201,7
705,74;1157,9
705,80;1170,7
705,85;1201,6
705,91;1206,0
705,96;1169,5
706,02;1186,6
706,07;1203,6
706,13;1182,6
706,18;1151,4
706,24;1111,1
706,29;1120,4
706,35;1108,5
706,40;1058,2
706,45;1044,0
706,51;1055,5
706,56;1065,6
706,62;1027,9
706,67;1030,9
706,73;1066,5
706,78;1057,8
706,84;1055,2
706,89;1057,1
706,95;1082,9
707,00;1083,8
707,06;1052,1
707,11;1049,3
707,17;1051,1
707,22;1044,7
707,28;1017,3
707,33;997,60
707,39;1032,4
707,44;1017,9
707,50;988,50
707,55;992,58
707,60;1032,4
707,66;1036,6
707,71;1000,5
707,77;1007,4
707,82;1012,8
707,88;1006,5
707,93;988,82
707,99;988,02
708,04;1003,3
708,10;1006,5
708,15;991,48
708,21;997,75
708,26;1020,3
708,31;1029,6
708,37;1019,0
708,42;1036,0
708,48;1073,0
708,53;1080,3
708,59;1047,4
708,64;1033,9
708,70;1053,3
708,75;1043,6
708,81;1012,4
708,86;1009,3
708,91;1032,1
708,97;1021,6
709,02;991,58
709,08;974,75
709,13;1008,2
709,19;1027,4
709,24;1008,2
709,30;1016,4
709,35;1038,3
709,40;1031,4
709,46;998,53
709,51;1019,5
709,57;1056,3
709,62;1055,7
709,68;1032,7
709,73;996,17
709,79;1005,0
709,84;1015,2
709,89;990,97
709,95;988,63
710,00;1015,8
710,06;1020,1
710,11;974,27
710,17;973,72
710,22;1013,2
710,27;1019,3
710,33;1016,9
710,38;1032,2
710,44;1044,0
710,49;1030,2
710,55;1009,6
710,60;1012,9
710,65;1047,4
710,71;1048,3
710,76;1015,1
710,82;992,90
710,87;1029,4
710,93;1029,8
710,98;986,35
711,03;1015,0
711,09;1053,6
711,14;1048,1
711,20;1008,9
711,25;1014,4
711,31;1040,0
711,36;1042,7
711,41;1021,0
711,47;1008,7
711,52;1045,4
711,58;1057,2
711,63;1018,7
711,68;1002,8
711,74;1024,2
711,79;1033,4
711,85;996,93
711,90;1010,8
711,95;1036,4
712,01;1026,5
712,06;1013,3
712,12;999,47
712,17;1052,7
712,23;1053,2
712,28;1030,9
712,33;1032,5
712,39;1055,1
712,44;1064,5
712,50;1016,4
712,55;1031,5
712,60;1059,9
712,66;1053,3
712,71;1016,0
712,77;995,82
712,82;1020,8
712,87;1014,1
712,93;994,22
712,98;1001,9
713,04;1021,1
713,09;1031,6
713,14;1005,0
713,20;1014,8
713,25;1052,2
713,30;1048,5
713,36;1030,8
713,41;1021,7
713,47;1069,6
713,52;1064,6
713,57;1037,8
713,63;1042,7
713,68;1057,7
713,74;1055,2
713,79;1005,9
713,84;1025,0
713,90;1044,4
713,95;1038,4
714,00;1020,8
714,06;1006,4
714,11;1048,1
714,17;1039,2
714,22;1004,1
714,27;999,13
714,33;1053,2
714,38;1057,2
714,44;1003,1
714,49;1005,6
714,54;1028,1
714,60;1053,5
714,65;1023,8
714,70;1026,7
714,76;1053,2
714,81;1062,1
714,86;1032,8
714,92;1009,7
714,97;1070,1
715,03;1075,4
715,08;1060,8
715,13;1044,3
715,19;1064,3
715,24;1075,0
715,29;1024,4
715,35;1050,9
715,40;1080,2
715,46;1090,8
715,51;1056,3
715,56;1017,0
715,62;1045,7
715,67;1041,7
715,72;1020,4
715,78;1003,5
715,83;1028,8
715,88;1033,8
715,94;972,75
715,99;964,88
716,04;993,97
716,10;1002,7
716,15;979,90
716,20;1001,1
716,26;1036,2
716,31;1047,2
716,37;1032,4
716,42;1070,3
716,47;1141,0
716,53;1178,5
716,58;1218,8
716,63;1236,5
716,69;1342,6
716,74;1405,6
716,79;1414,1
716,85;1478,3
716,90;1551,3
716,95;1586,0
717,01;1557,9
717,06;1583,3
717,11;1611,2
717,17;1596,6
717,22;1572,0
717,27;1552,2
717,33;1556,3
717,38;1533,9
717,43;1465,6
717,49;1430,3
717,54;1439,3
717,59;1392,2
717,65;1305,1
717,70;1255,0
717,75;1252,0
717,81;1210,9
717,86;1132,2
717,91;1105,8
717,97;1089,4
718,02;1054,6
718,07;1012,9
718,13;976,73
718,18;1007,3
718,23;1025,7
718,29;999,68
718,34;988,88
718,39;1007,2
718,45;1010,7
718,50;967,90
718,55;985,87
718,61;1014,6
718,66;1002,8
718,71;983,73
718,76;992,28
718,82;1019,2
718,87;1008,3
718,92;984,42
718,98;994,38
719,03;1018,9
719,08;1014,8
719,14;988,88
719,19;993,05
719,24;1037,8
719,30;1023,0
719,35;980,43
719,40;982,97
719,45;1040,8
719,51;1042,6
719,56;1001,3
719,61;1006,4
719,67;1047,7
719,72;1050,7
719,77;1008,3
719,83;1041,4
719,88;1063,4
719,93;1055,8
719,98;1012,6
720,04;992,95
720,09;1035,8
720,14;1030,0
720,20;1004,0
720,25;980,00
720,30;1015,8
720,36;1002,2
720,41;942,83
720,46;968,85
720,51;997,02
720,57;1000,5
720,62;969,28
720,67;958,93
720,73;994,08
720,78;989,80
720,83;969,95
720,88;974,97
720,94;1021,8
720,99;1024,7
721,04;977,65
721,10;981,98
721,15;1010,5
721,20;1015,1
721,25;975,87
721,31;1006,8
721,36;1065,7
721,41;1057,9
721,47;1026,0
721,52;1016,8
721,57;1041,6
721,62;1050,7
721,68;1032,2
721,73;1016,8
721,78;1047,6
721,83;1049,4
721,89;988,00
721,94;967,98
721,99;999,88
722,05;994,62
722,10;963,57
722,15;959,53
722,20;980,48
722,26;983,55
722,31;961,10
722,36;963,70
722,41;999,22
722,47;1006,0
722,52;973,48
722,57;981,53
722,62;1009,4
722,68;1016,4
722,73;996,47
722,78;1015,3
722,83;1028,9
722,89;1021,7
722,94;1000,5
722,99;981,85
723,05;1049,3
723,10;1045,1
723,15;1015,6
723,20;1017,5
723,26;1052,8
723,31;1055,4
723,36;998,67
723,41;1024,4
723,47;1092,2
723,52;1173,4
723,57;1274,8
723,62;1441,6
723,68;1697,1
723,73;1927,9
723,78;2111,7
723,83;2359,1
723,88;2604,0
723,94;2845,2
723,99;3046,3
724,04;3212,4
724,09;3389,0
724,15;3470,1
724,20;3461,6
724,25;3471,9
724,30;3494,1
724,36;3466,0
724,41;3406,3
724,46;3397,4
724,51;3394,3
724,57;3306,7
724,62;3178,8
724,67;2956,2
724,72;2774,1
724,77;2558,1
724,83;2285,1
724,88;2064,4
724,93;1887,7
724,98;1697,9
725,04;1441,0
725,09;1262,8
725,14;1127,3
725,19;1053,2
725,25;1008,9
725,30;998,75
725,35;1017,8
725,40;1023,4
725,45;1013,2
725,51;987,33
725,56;1020,5
725,61;1024,2
725,66;1001,0
725,72;1000,8
725,77;1025,8
725,82;1032,7
725,87;1007,6
725,92;995,78
725,98;1002,6
726,03;1014,6
726,08;998,72
726,13;999,80
726,18;1033,8
726,24;1033,2
726,29;999,82
726,34;1001,9
726,39;1033,4
726,44;1041,5
726,50;1025,3
726,55;1024,2
726,60;1054,4
726,65;1052,8
726,70;1015,6
726,76;995,13
726,81;1025,6
726,86;1030,6
726,91;995,10
726,96;1009,7
727,02;1017,3
727,07;1021,6
727,12;991,88
727,17;980,88
727,22;994,77
727,28;986,85
727,33;971,77
727,38;940,48
727,43;966,08
727,48;956,93
727,54;914,65
727,59;916,15
727,64;955,30
727,69;959,02
727,74;945,82
727,80;985,58
727,85;1008,2
727,90;1016,6
727,95;1010,0
728,00;1017,9
728,05;1053,3
728,11;1060,5
728,16;1039,4
728,21;1035,7
728,26;1072,7
728,31;1062,1
728,37;1029,3
728,42;1028,6
728,47;1065,1
728,52;1070,3
728,57;1037,2
728,62;1041,9
728,68;1057,9
728,73;1063,4
728,78;1013,1
728,83;1025,5
728,88;1043,1
728,93;1031,5
728,99;1006,7
729,04;994,03
729,09;1020,0
729,14;1005,8
729,19;985,52
729,24;968,83
729,30;1020,9
729,35;1024,7
729,40;986,27
729,45;986,18
729,50;1014,1
729,55;1011,6
729,61;981,15
729,66;998,50
729,71;1012,4
729,76;1017,0
729,81;987,28
729,86;971,33
729,92;1019,1
729,97;1020,6
730,02;988,80
730,07;1002,5
730,12;1041,4
730,17;1040,3
730,22;1003,2
730,28;1014,4
730,33;1050,8
730,38;1054,7
730,43;1020,6
730,48;1021,5
730,53;1051,4
730,58;1050,6
730,64;1022,0
730,69;1012,0
730,74;1046,2
730,79;1058,8
730,84;1025,7
730,89;1038,9
730,94;1081,8
731,00;1076,1
731,05;1045,6
731,10;1063,9
731,15;1098,9
731,20;1087,0
731,25;1063,9
731,30;1041,6
731,36;1081,1
731,41;1084,1
731,46;1035,1
731,51;1035,1
731,56;1057,3
731,61;1049,3
731,66;1003,4
731,71;988,52
731,77;1016,3
731,82;1030,5
731,87;1012,2
731,92;1008,4
731,97;1045,8
732,02;1052,7
732,07;1016,8
732,12;1053,8
732,18;1079,1
732,23;1083,9
732,28;1079,6
732,33;1088,0
732,38;1102,7
732,43;1087,2
732,48;1061,5
732,53;1047,6
732,59;1095,8
732,64;1095,3
732,69;1055,2
732,74;1050,4
732,79;1088,2
732,84;1078,2
732,89;1041,2
732,94;1047,5
732,99;1108,9
733,05;1112,8
733,10;1070,9
733,15;1084,6
733,20;1109,0
733,25;1115,6
733,30;1067,8
733,35;1074,1
733,40;1097,6
733,45;1101,2
733,50;1074,1
733,56;1051,6
733,61;1112,8
733,66;1103,6
733,71;1051,7
733,76;1042,5
733,81;1058,2
733,86;1068,2
733,91;1030,6
733,96;1027,0
734,01;1065,9
734,07;1070,7
734,12;1029,7
734,17;1016,7
734,22;1066,9
734,27;1077,9
734,32;1043,6
734,37;1060,8
734,42;1095,7
734,47;1101,8
734,52;1086,4
734,57;1088,0
734,63;1106,4
734,68;1102,9
734,73;1065,0
734,78;1019,5
734,83;1035,5
734,88;1035,8
734,93;997,80
734,98;995,00
735,03;1007,4
735,08;1002,2
735,13;969,75
735,18;978,98
735,23;1001,2
735,29;1003,6
735,34;1004,3
735,39;991,58
735,44;1050,9
735,49;1055,8
735,54;1008,3
735,59;1036,2
735,64;1054,8
735,69;1053,8
735,74;1017,5
735,79;1023,0
735,84;1042,3
735,89;1039,5
735,94;1025,1
736,00;992,42
736,05;1058,5
736,10;1061,1
736,15;1013,1
736,20;1012,9
736,25;1046,3
736,30;1060,8
736,35;1019,0
736,40;1034,1
736,45;1053,7
736,50;1058,2
736,55;1017,7
736,60;981,05
736,65;1011,3
736,70;1019,2
736,75;987,82
736,80;974,38
736,85;999,05
736,91;999,47
736,96;965,07
737,01;986,20
737,06;1016,2
737,11;1012,6
737,16;1000,9
737,21;989,97
737,26;1015,0
737,31;1010,5
737,36;991,03
737,41;997,42
737,46;1028,8
737,51;1037,6
737,56;994,93
737,61;1018,7
737,66;1060,2
737,71;1053,2
737,76;1035,4
737,81;1028,1
737,86;1061,8
737,91;1055,6
737,96;1029,0
738,01;1011,7
738,06;1044,9
738,12;1055,6
738,17;987,08
738,22;981,30
738,27;1021,0
738,32;1044,0
738,37;1019,5
738,42;1018,6
738,47;1055,6
738,52;1062,4
738,57;1042,9
738,62;1017,1
738,67;1040,5
738,72;1060,5
738,77;1023,0
738,82;999,40
738,87;1003,7
738,92;1019,9
738,97;983,30
739,02;978,35
739,07;988,08
739,12;982,78
739,17;960,22
739,22;963,18
739,27;985,90
739,32;981,62
739,37;984,77
739,42;968,97
739,47;1013,3
739,52;1001,4
739,57;968,85
739,62;973,95
739,67;1021,7
739,72;1021,7
739,77;992,78
739,82;1015,2
739,87;1028,7
739,92;1027,8
739,97;983,97
740,02;983,38
740,07;1007,5
740,12;1016,1
740,17;991,75
740,22;983,32
740,27;1017,4
740,32;1007,7
740,37;968,82
740,42;979,10
740,47;1005,5
740,52;1006,6
740,57;981,47
740,62;984,72
740,67;1018,4
740,72;1012,9
740,77;986,75
740,82;978,72
740,87;1026,7
740,92;1039,0
740,97;1006,3
741,02;1022,0
741,07;1051,3
741,12;1046,0
741,17;1021,9
741,22;1012,5
741,27;1041,1
741,32;1050,2
741,37;1013,0
741,42;1003,9
741,47;1025,3
741,52;1025,0
741,57;989,48
741,62;1012,3
741,67;1035,5
741,72;1027,4
741,77;1006,2
741,82;996,00
741,87;1031,1
741,92;1027,3
741,97;1003,2
742,02;991,32
742,07;1012,8
742,12;1001,1
742,16;958,27
742,21;839,00
742,26;1091,0
742,31;967,00
742,36;861,00
742,41;838,00
